Emma, emma49, r1yRX0Af
Henry, henry40, GZZZKTyf 
Frank, frank87, KzCmJdvy 
Bob, bob64, mZCToewD 
Charlie, charlie10, G83vIzWe 
Grace, grace89, SLaIewgy 
Ivy, ivy55, r6Phajyf 
David, david77, uwoucRZK 
Alice, alice34, 7S8NvLxV 
Jack, jack53, 4jrzcZ0u